{
    "global": {
        "check_for_updates_on_startup": true,
        "show_in_menu_bar": true,
        "show_profile_name_in_menu_bar": false
    },
    "profiles": [
        {
            "complex_modifications": {
                "parameters": {
                    "basic.simultaneous_threshold_milliseconds": 50,
                    "basic.to_delayed_action_delay_milliseconds": 500,
                    "basic.to_if_alone_timeout_milliseconds": 1000,
                    "basic.to_if_held_down_threshold_milliseconds": 500,
                    "mouse_motion_to_scroll.speed": 100
                },
                "rules": [
                    {
                        "description": "TabFN: Tab enables TabFN mode (see: https://geekhack.org/index.php?topic=51069.0)",
                        "manipulators": [
                            {
                                "from": {
                                    "key_code": "tab",
                                    "modifiers": {
                                        "optional": [
                                            "any"
                                        ]
                                    }
                                },
                                "to": [
                                    {
                                        "set_variable": {
                                            "name": "tabfn_mode",
                                            "value": 1
                                        }
                                    }
                                ],
                                "to_after_key_up": [
                                    {
                                        "set_variable": {
                                            "name": "tabfn_mode",
                                            "value": 0
                                        }
                                    }
                                ],
                                "to_if_alone": [
                                    {
                                        "key_code": "tab"
                                    }
                                ],
                                "type": "basic"
                            }
                        ]
                    },
                    {
                        "description": "TabFN: Tab to numbers",
                        "manipulators": [
                            {
                                "conditions": [
                                    {
                                        "name": "tabfn_mode",
                                        "type": "variable_if",
                                        "value": 1
                                    }
                                ],
                                "from": {
                                    "key_code": "m",
                                    "modifiers": {
                                        "optional": [
                                            "any"
                                        ]
                                    }
                                },
                                "to": [
                                    {
                                        "key_code": "keypad_1"
                                    }
                                ],
                                "type": "basic"
                            },
                            {
                                "conditions": [
                                    {
                                        "name": "tabfn_mode",
                                        "type": "variable_if",
                                        "value": 1
                                    }
                                ],
                                "from": {
                                    "key_code": "comma",
                                    "modifiers": {
                                        "optional": [
                                            "any"
                                        ]
                                    }
                                },
                                "to": [
                                    {
                                        "key_code": "keypad_2"
                                    }
                                ],
                                "type": "basic"
                            },
                            {
                                "conditions": [
                                    {
                                        "name": "tabfn_mode",
                                        "type": "variable_if",
                                        "value": 1
                                    }
                                ],
                                "from": {
                                    "key_code": "period",
                                    "modifiers": {
                                        "optional": [
                                            "any"
                                        ]
                                    }
                                },
                                "to": [
                                    {
                                        "key_code": "keypad_3"
                                    }
                                ],
                                "type": "basic"
                            },
                            {
                                "conditions": [
                                    {
                                        "name": "tabfn_mode",
                                        "type": "variable_if",
                                        "value": 1
                                    }
                                ],
                                "from": {
                                    "key_code": "j",
                                    "modifiers": {
                                        "optional": [
                                            "any"
                                        ]
                                    }
                                },
                                "to": [
                                    {
                                        "key_code": "keypad_4"
                                    }
                                ],
                                "type": "basic"
                            },
                            {
                                "conditions": [
                                    {
                                        "name": "tabfn_mode",
                                        "type": "variable_if",
                                        "value": 1
                                    }
                                ],
                                "from": {
                                    "key_code": "k",
                                    "modifiers": {
                                        "optional": [
                                            "any"
                                        ]
                                    }
                                },
                                "to": [
                                    {
                                        "key_code": "keypad_5"
                                    }
                                ],
                                "type": "basic"
                            },
                            {
                                "conditions": [
                                    {
                                        "name": "tabfn_mode",
                                        "type": "variable_if",
                                        "value": 1
                                    }
                                ],
                                "from": {
                                    "key_code": "l",
                                    "modifiers": {
                                        "optional": [
                                            "any"
                                        ]
                                    }
                                },
                                "to": [
                                    {
                                        "key_code": "keypad_6"
                                    }
                                ],
                                "type": "basic"
                            },
                            {
                                "conditions": [
                                    {
                                        "name": "tabfn_mode",
                                        "type": "variable_if",
                                        "value": 1
                                    }
                                ],
                                "from": {
                                    "key_code": "u",
                                    "modifiers": {
                                        "optional": [
                                            "any"
                                        ]
                                    }
                                },
                                "to": [
                                    {
                                        "key_code": "keypad_7"
                                    }
                                ],
                                "type": "basic"
                            },
                            {
                                "conditions": [
                                    {
                                        "name": "tabfn_mode",
                                        "type": "variable_if",
                                        "value": 1
                                    }
                                ],
                                "from": {
                                    "key_code": "i",
                                    "modifiers": {
                                        "optional": [
                                            "any"
                                        ]
                                    }
                                },
                                "to": [
                                    {
                                        "key_code": "keypad_8"
                                    }
                                ],
                                "type": "basic"
                            },
                            {
                                "conditions": [
                                    {
                                        "name": "tabfn_mode",
                                        "type": "variable_if",
                                        "value": 1
                                    }
                                ],
                                "from": {
                                    "key_code": "o",
                                    "modifiers": {
                                        "optional": [
                                            "any"
                                        ]
                                    }
                                },
                                "to": [
                                    {
                                        "key_code": "keypad_9"
                                    }
                                ],
                                "type": "basic"
                            },
                            {
                                "conditions": [
                                    {
                                        "name": "tabfn_mode",
                                        "type": "variable_if",
                                        "value": 1
                                    }
                                ],
                                "from": {
                                    "key_code": "slash",
                                    "modifiers": {
                                        "optional": [
                                            "any"
                                        ]
                                    }
                                },
                                "to": [
                                    {
                                        "key_code": "keypad_0"
                                    }
                                ],
                                "type": "basic"
                            }
                        ]
                    }
                ]
            },
            "devices": [
                {
                    "disable_built_in_keyboard_if_exists": false,
                    "fn_function_keys": [],
                    "identifiers": {
                        "is_keyboard": true,
                        "is_pointing_device": false,
                        "product_id": 0,
                        "vendor_id": 13
                    },
                    "ignore": false,
                    "manipulate_caps_lock_led": false,
                    "simple_modifications": [
                        {
                            "from": {
                                "key_code": "left_command"
                            },
                            "to": {
                                "key_code": "left_option"
                            }
                        },
                        {
                            "from": {
                                "key_code": "left_option"
                            },
                            "to": {
                                "key_code": "left_command"
                            }
                        },
                        {
                            "from": {
                                "key_code": "right_command"
                            },
                            "to": {
                                "key_code": "right_option"
                            }
                        },
                        {
                            "from": {
                                "key_code": "right_option"
                            },
                            "to": {
                                "key_code": "right_command"
                            }
                        }
                    ]
                },
                {
                    "disable_built_in_keyboard_if_exists": false,
                    "fn_function_keys": [],
                    "identifiers": {
                        "is_keyboard": true,
                        "is_pointing_device": false,
                        "product_id": 60,
                        "vendor_id": 9494
                    },
                    "ignore": false,
                    "manipulate_caps_lock_led": false,
                    "simple_modifications": [
                        {
                            "from": {
                                "key_code": "right_option"
                            },
                            "to": {
                                "key_code": "right_command"
                            }
                        }
                    ]
                },
                {
                    "disable_built_in_keyboard_if_exists": false,
                    "fn_function_keys": [],
                    "identifiers": {
                        "is_keyboard": true,
                        "is_pointing_device": false,
                        "product_id": 60,
                        "vendor_id": 9494
                    },
                    "ignore": false,
                    "manipulate_caps_lock_led": false,
                    "simple_modifications": [
                        {
                            "from": {
                                "key_code": "left_command"
                            },
                            "to": {
                                "key_code": "left_option"
                            }
                        },
                        {
                            "from": {
                                "key_code": "left_option"
                            },
                            "to": {
                                "key_code": "left_command"
                            }
                        },
                        {
                            "from": {
                                "key_code": "right_command"
                            },
                            "to": {
                                "key_code": "right_option"
                            }
                        },
                        {
                            "from": {
                                "key_code": "right_option"
                            },
                            "to": {
                                "key_code": "right_command"
                            }
                        }
                    ]
                },
                {
                    "disable_built_in_keyboard_if_exists": false,
                    "fn_function_keys": [],
                    "identifiers": {
                        "is_keyboard": true,
                        "is_pointing_device": false,
                        "product_id": 41618,
                        "vendor_id": 1241
                    },
                    "ignore": false,
                    "manipulate_caps_lock_led": false,
                    "simple_modifications": [
                        {
                            "from": {
                                "key_code": "left_option"
                            },
                            "to": {
                                "key_code": "left_command"
                            }
                        },
                        {
                            "from": {
                                "key_code": "left_command"
                            },
                            "to": {
                                "key_code": "left_option"
                            }
                        },
                        {
                            "from": {
                                "key_code": "right_option"
                            },
                            "to": {
                                "key_code": "right_command"
                            }
                        },
                        {
                            "from": {
                                "key_code": "right_command"
                            },
                            "to": {
                                "key_code": "right_option"
                            }
                        }
                    ]
                }
            ],
            "fn_function_keys": [
                {
                    "from": {
                        "key_code": "f1"
                    },
                    "to": {
                        "consumer_key_code": "display_brightness_decrement"
                    }
                },
                {
                    "from": {
                        "key_code": "f2"
                    },
                    "to": {
                        "consumer_key_code": "display_brightness_increment"
                    }
                },
                {
                    "from": {
                        "key_code": "f3"
                    },
                    "to": {
                        "key_code": "mission_control"
                    }
                },
                {
                    "from": {
                        "key_code": "f4"
                    },
                    "to": {
                        "key_code": "launchpad"
                    }
                },
                {
                    "from": {
                        "key_code": "f5"
                    },
                    "to": {
                        "key_code": "volume_decrement"
                    }
                },
                {
                    "from": {
                        "key_code": "f6"
                    },
                    "to": {
                        "key_code": "volume_increment"
                    }
                },
                {
                    "from": {
                        "key_code": "f7"
                    },
                    "to": {
                        "consumer_key_code": "rewind"
                    }
                },
                {
                    "from": {
                        "key_code": "f8"
                    },
                    "to": {
                        "consumer_key_code": "play_or_pause"
                    }
                },
                {
                    "from": {
                        "key_code": "f9"
                    },
                    "to": {
                        "consumer_key_code": "fastforward"
                    }
                },
                {
                    "from": {
                        "key_code": "f10"
                    },
                    "to": {
                        "consumer_key_code": "mute"
                    }
                },
                {
                    "from": {
                        "key_code": "f11"
                    },
                    "to": {
                        "consumer_key_code": "illumination_decrement"
                    }
                },
                {
                    "from": {
                        "key_code": "f12"
                    },
                    "to": {
                        "consumer_key_code": "illumination_increment"
                    }
                }
            ],
            "name": "",
            "parameters": {
                "delay_milliseconds_before_open_device": 1000
            },
            "selected": false,
            "simple_modifications": [],
            "virtual_hid_keyboard": {
                "country_code": 0,
                "mouse_key_xy_scale": 100
            }
        }
    ]
}
